<object-stream>
  <sample.GenericList>
    <head>
      <contents class="sample.Drink">
        <drinkName>sex on the beach</drinkName>
        <origin>mexico</origin>
        <description>yththt</description>
        <image>strong</image>
        <components>
          <head>
            <next>
              <contents class="sample.components">
                <ingredient>
                  <ingredientName>vodka</ingredientName>
                  <ingredientDescription>strong</ingredientDescription>
                  <alcoholContent>54</alcoholContent>
                </ingredient>
                <quantity>36</quantity>
              </contents>
            </next>
            <contents class="sample.components">
              <ingredient>
                <ingredientName>milk</ingredientName>
                <ingredientDescription>hghgg</ingredientDescription>
                <alcoholContent>0</alcoholContent>
              </ingredient>
              <quantity>68</quantity>
            </contents>
          </head>
          <linkNum>2</linkNum>
        </components>
      </contents>
    </head>
    <linkNum>1</linkNum>
  </sample.GenericList>
</object-stream>