<object-stream>
  <sample.GenericList>
    <head>
      <next>
        <contents class="sample.ingredients">
          <ingredientName>vodka</ingredientName>
          <ingredientDescription>strong</ingredientDescription>
          <alcoholContent>54</alcoholContent>
        </contents>
      </next>
      <contents class="sample.ingredients">
        <ingredientName>milk</ingredientName>
        <ingredientDescription>hghgg</ingredientDescription>
        <alcoholContent>0</alcoholContent>
      </contents>
    </head>
    <linkNum>2</linkNum>
  </sample.GenericList>
</object-stream>